{"cameraMode":{"drawMode":0,"name":"Shaded","section":"Shading Mode"},"sceneLighting":true,"audioPlay":false,"sceneViewState":{"showFog":true,"showMaterialUpdate":false,"showSkybox":true,"showFlares":true,"showImageEffects":true,"showParticleSystems":true},"in2DMode":false,"pivot":{"x":8.63207721710205,"y":0.6232528686523438,"z":-0.5945761203765869},"rotation":{"x":0.13484935462474824,"y":-0.49360236525535586,"z":0.07780925929546356,"w":0.8557432889938355},"size":5.883004665374756,"orthographic":false}